Name,Score,Rank,Popularity,Episodes,Start Date,End Date,Producers,Studios

Tensei shitara Slime Datta Ken 2nd Season Part 2,8.39,165,517,12,"Jul 6, 2021",?,"Kodansha, BS11, Bandai Namco Arts, Micro Magazine Publishing, Bandai Spirits, Sony Music Solutions, ADK Marketing Solutions",8bit
Kobayashi-san Chi no Maid Dragon S,8.43,138,605,12,"Jul 8, 2021","Sep 23, 2021","Lantis, Heart Company",Kyoto Animation
"Tantei wa Mou, Shindeiru.",7.08,3390,803,12,"Jul 4, 2021",?,"AT-X, Kadokawa Media House, Kadokawa, INCS toenter",ENGI
Kanojo mo Kanojo,6.52,5927,973,12,"Jul 3, 2021",?,"Half H.P Studio, NBCUniversal Entertainment Japan, Myrica Music",Tezuka Productions
Vanitas no Karte,7.89,703,987,12,"Jul 3, 2021",?,"Aniplex, Square Enix, Hakuhodo DY Music & Pictures, Contents Seed",Bones
Bokutachi no Remake,7.81,833,1095,12,"Jul 3, 2021",?,"Studio Mausu, bilibili, Bushiroad Music, DMM pictures, Front Wing, Bushiroad Move",feel.
Genjitsu Shugi Yuusha no Oukoku Saikenki,7.30,2375,1149,13,"Jul 4, 2021",?,"Magic Bus, King Records",J.C.Staff
Otome Game no Hametsu Flag shika Nai Akuyaku Reijou ni Tensei shiteshimatta... X,7.56,1423,1312,12,"Jul 3, 2021",?,Nichion,SILVER LINK.
Seirei Gensouki,7.20,2854,1317,12,"Jul 6, 2021",?,"Nippon Columbia, Kanon Sound, TMS Music",TMS Entertainment
Sonny Boy,7.62,1245,1351,12,"Jul 16, 2021",?,Shochiku,Madhouse
Jahy-sama wa Kujikenai!,7.30,2380,1372,20,"Aug 1, 2021",?,"Square Enix, ABC Animation",SILVER LINK.
Tsuki ga Michibiku Isekai Douchuu,7.53,1508,1409,12,"Jul 7, 2021",?,Nichion,C2C
Shinigami Bocchan to Kuro Maid,7.25,2610,1537,12,"Jul 4, 2021",?,NBCUniversal Entertainment Japan,J.C.Staff
Shiroi Suna no Aquatope,7.51,1581,1608,24,"Jul 9, 2021",?,"BS Fuji, Tokyo MX, Infinite, Forecast Communications, Kadokawa Media House, DMM pictures, Bandai Namco Arts, AQUA ARIS",P.A. Works
Peach Boy Riverside,6.67,5151,1624,12,"Jul 1, 2021",?,"VAP, Sotsu, Kodansha, KlockWorx, Tokyo MX, Toy's Factory, Exa International, BS NTV, AQUA ARIS, GREE Entertainment, A3, jeux d'eau, Toei Agency",Asahi Production
Mahouka Koukou no Yuutousei,6.74,4830,1778,13,"Jul 3, 2021",?,Aniplex,Connect
Megami-ryou no Ryoubo-kun.,6.78,4648,1790,10,"Jul 14, 2021",?,"None found, add some",asread.
Heion Sedai no Idaten-tachi,7.54,1478,1845,11,"Jul 23, 2021",?,"Aniplex, Dentsu, Hakusensha, Fuji TV, GREE Entertainment",MAPPA
Uramichi Oniisan,7.57,1384,1886,13,"Jul 6, 2021",?,"King Records, Bit grooove promotion",Studio Blanc
Meikyuu Black Company,7.15,3107,1896,12,"Jul 9, 2021",?,"Toy's Factory, Jinnan Studio, Kadokawa",SILVER LINK.
100-man no Inochi no Ue ni Ore wa Tatteiru 2nd Season,7.08,3360,1929,12,"Jul 10, 2021",?,"None found, add some",Maho Film
Deatte 5-byou de Battle,7.23,2703,2018,Unknown,"Jul 13, 2021",?,"Shogakukan-Shueisha Productions, Studio A-CAT","SynergySP, Vega Entertainment"
Cheat Kusushi no Slow Life: Isekai ni Tsukurou Drugstore,6.13,7943,2060,12,"Jul 7, 2021",?,"None found, add some",EMT Squared
Re-Main,7.30,2394,2119,12,"Jul 4, 2021",?,Bandai Namco Arts,MAPPA
Higurashi no Naku Koro ni Sotsu,7.86,744,2187,15,"Jul 1, 2021",?,"None found, add some",Passione
Scarlet Nexus,6.21,7522,2360,Unknown,"Jul 1, 2021",?,Bandai Namco Arts,Sunrise
Magia Record: Mahou Shoujo Madoka☆Magica Gaiden (TV) 2nd Season - Kakusei Zenya,7.71,1030,2966,8,"Aug 1, 2021","Sep 19, 2021","None found, add some",Shaft
Kaizoku Oujo,7.63,1227,2959,12,"Aug 14, 2021",?,"flying DOG, DMM pictures, Crunchyroll SC Anime Fund",Production I.G
Love Live! Superstar!!,8.07,464,3146,Unknown,"Jul 11, 2021",?,Kadokawa,"None found, add some"
Kageki Shoujo!!,7.35,2169,3174,13,"Jul 4, 2021",?,"Hakusensha, King Records",Pine Jam
Night Head 2041,6.51,5960,3251,Unknown,"Jul 15, 2021",?,"Fuji TV, Slow Curve, BS Fuji, Hakuhodo DY Media Partners, Office ENDLESS",Shirogumi
D_Cide Traumerei the Animation,5.68,9643,4322,Unknown,"Jul 10, 2021",?,"Bushiroad, Bit grooove promotion",SANZIGEN
Yubisaki kara Honki no Netsujou 2: Koibito wa Shouboushi,6.14,7916,3780,8,"Jul 8, 2019","Sep 2, 2019","Studio Mausu, Suiseisha",Studio Hokiboshi
"Ore, Tsushima",7.28,2481,5049,Unknown,"Jul 2, 2021",?,Asmik Ace,"Fanworks, Space Neko Company"
IDOLiSH7: Third Beat!,8.00,547,5351,13,"Jul 4, 2021",?,Lantis,TROYCA
Yami Shibai 9,6.16,7828,6640,Unknown,"Jul 12, 2021",?,"None found, add some","ILCA, DRAWIZ"
Tsukipro The Animation 2,6.28,7218,6775,13,"Jul 7, 2021",?,AZ Creative,PRA
Getter Robo Arc,6.23,7447,8074,13,"Jul 4, 2021",?,"Lantis, Bandai Namco Arts","Bee Media, Studio A-CAT"
Pretty All Friends Selection,N/A,12452,10486,Unknown,"Jun 6, 2021",?,"None found, add some","None found, add some"
Xi Yangyang Yu Hui Tailang: Juezhan Ci Shidai,N/A,13752,16734,60,"Jul 9, 2021",?,"None found, add some","None found, add some"
Kick & Slide,N/A,15945,17070,12,"Jul 7, 2021",?,TV Tokyo,"None found, add some"
One Piece,8.58,76,30,Unknown,"Oct 20, 1999",?,"Fuji TV, TAP, Shueisha",Toei Animation
Boku no Hero Academia 5th Season,7.54,1469,189,25,"Mar 27, 2021",?,"Dentsu, Movic, YTV, Sony Music Entertainment, TOHO animation, Shueisha",Bones
Boruto: Naruto Next Generations,5.84,9087,206,Unknown,"Apr 5, 2017",?,"TV Tokyo, Aniplex, Rakuonsha, Shueisha",Studio Pierrot
Tokyo Revengers,8.29,236,274,24,"Apr 11, 2021","Sep 19, 2021",Pony Canyon,LIDENFILMS
Fumetsu no Anata e,8.55,85,311,20,"Apr 12, 2021",?,"NHK, NHK Enterprises",Brain's Base
Detective Conan,8.16,349,593,Unknown,"Jan 8, 1996",?,"Yomiuri Telecasting, Animax, YTV, TMS-Kyokuchi, Shogakukan",TMS Entertainment
Shaman King (2021),6.71,4947,939,52,"Apr 1, 2021",?,"TV Tokyo, King Records, Techno Sound",Bridge
Mairimashita! Iruma-kun 2nd Season,8.07,465,1143,21,"Apr 17, 2021",?,"NHK, NHK Enterprises",Bandai Namco Pictures
Edens Zero,6.75,4791,1292,25,"Apr 11, 2021",?,"Kodansha, Magic Capsule, Nippon Television Music",J.C.Staff
Crayon Shin-chan,7.71,1022,2106,Unknown,"Apr 13, 1992",?,TV Asahi,Shin-Ei Animation
Pokemon (2019),7.19,2874,2404,Unknown,"Nov 17, 2019",?,"TV Tokyo, Shogakukan-Shueisha Productions, MediaNet",OLM
Dragon Quest: Dai no Daibouken (2020),7.12,3206,2441,Unknown,"Oct 3, 2020",?,"TV Tokyo, Square Enix, Shueisha",Toei Animation
Kingdom 3rd Season,8.40,161,2443,26,"Apr 6, 2020",?,"NHK, Shueisha","Pierrot Plus, Studio Signpost"
Digimon Adventure:,7.77,901,464,54,"Mar 7, 1999","Mar 26, 2000","Yomiko Advertising, Fuji TV",Toei Animation
Blue Reflection Ray,5.36,10566,3872,24,"Apr 10, 2021",?,"Mainichi Broadcasting System, Magic Capsule, DMM pictures",J.C.Staff
Doraemon (2005),7.56,1409,4503,Unknown,"Apr 22, 2005",?,TV Asahi,Shin-Ei Animation
Yu☆Gi☆Oh!: Sevens,5.34,10637,4622,Unknown,"Apr 4, 2020",?,"None found, add some",Bridge
Maiko-san Chi no Makanai-san,6.63,5396,5133,12,"Feb 25, 2021",?,"NHK, NHK Enterprises",J.C.Staff
Gudetama,7.04,3567,5207,Unknown,"Mar 31, 2014",?,Sanrio,Gathering
Tropical-Rouge! Precure,7.17,2967,6203,Unknown,"Feb 28, 2021",?,"ABC Animation, ADK Emotions",Toei Animation
Sazae-san,6.10,8080,6247,Unknown,"Oct 5, 1969",?,Fuji TV,Eiken
Nintama Rantarou,7.05,3501,6460,Unknown,"Apr 10, 1993",?,NHK,Ajia-Do
Chibi Maruko-chan (1995),7.24,2657,7896,Unknown,"Jan 8, 1995",?,"Ajia-Do, Sakura Production",Nippon Animation
Tokyo Gambo,N/A,13410,8494,Unknown,"Nov 21, 2020",?,"None found, add some",Jumonji
Sore Ike! Anpanman,6.38,6693,8646,Unknown,"Oct 3, 1988",?,"Sotsu, Nippon Television Network",TMS Entertainment
Bonobono (TV 2016),6.40,6559,8737,Unknown,"Apr 2, 2016",?,"Fuji TV, Glovision",Eiken
Dinosaur Biyori,N/A,14756,9813,26,"Apr 4, 2021",?,"Aniplex, Sony Music Entertainment, Sony Creative Products",Fanworks
Ojarumaru,6.37,6709,10129,Unknown,"Oct 5, 1998",?,NHK,Gallop
Shikaru Neko,N/A,12776,10686,Unknown,"Mar 22, 2021",?,"None found, add some","None found, add some"
Youkai Watch ♪,6.50,6072,3668,214,"Jan 8, 2014","Mar 30, 2018","TV Tokyo, Dentsu",OLM
Neko Konogoro,N/A,11938,10780,Unknown,"Jun 8, 2016",?,Anime Beans,Kachidoki Studio
Puzzle & Dragon,N/A,12480,10803,Unknown,"Apr 2, 2018",?,Akatsuki,Studio Pierrot
Neko no Robu,N/A,11952,10855,Unknown,"May 6, 2017",?,"Gakken, MMDGP, Anime Beans",Kachidoki Studio
Mazica Party,5.43,10405,10865,Unknown,"Apr 4, 2021",?,"Dentsu, TV Osaka",OLM
Okashi na Sabaku no Suna to Manu,N/A,12157,10953,50,"Feb 14, 2021",?,CHANCE iN,Kachidoki Studio
Fushigi Dagashiya: Zenitendou,6.01,8498,10959,Unknown,"Sep 8, 2020",?,Kanaban Graphics,Toei Animation
Mewkledreamy Mix!,N/A,16487,10961,Unknown,"Apr 11, 2021",?,TV Tokyo,J.C.Staff
Bakugan: Geogan Rising,5.64,9756,11225,26,"Apr 2, 2021","Mar 18, 2022","None found, add some",TMS Entertainment
Seizei Ganbare! Mahou Shoujo Kurumi 3rd Season,N/A,12695,11473,Unknown,"Oct 7, 2020",?,Lantis,Pie in the sky
Kamiusagi Rope: Warau Asa ni wa Fukuraitaru tte Maji ssuka!?,N/A,15817,11560,Unknown,"Nov 16, 2012",?,"None found, add some","None found, add some"
Shinkansen Henkei Robo Shinkalion Z the Animation,N/A,12829,11772,Unknown,"Apr 9, 2021",?,Shogakukan-Shueisha Productions,OLM
Knyacki!,6.15,7877,11839,Unknown,"Apr 7, 1995",?,NHK,"None found, add some"
"Anoyo no Subete wa, Obake-gumi!",N/A,14219,11950,13,"Apr 7, 2020",?,Stella Promotion,"None found, add some"
Shiawase Haitatsu Taneko,N/A,12763,12408,Unknown,"Mar 26, 2011",?,"None found, add some",Kachidoki Studio
Hanakappa,N/A,15208,12505,Unknown,"Mar 29, 2010",?,"Group TAC, TOHO animation","Xebec, OLM"
Aware! Meisaku-kun,N/A,14287,12578,Unknown,"Apr 8, 2016",?,"None found, add some",Pie in the sky
Duel Masters King!,N/A,14826,12353,47,"Apr 5, 2020","Mar 28, 2021","None found, add some","Brain's Base, Shogakukan Music & Digital Entertainment"
Uchuu Nanchara Kotetsu-kun,N/A,13537,12960,Unknown,"Apr 7, 2021",?,"None found, add some",Fanworks
Kirin the Noop,N/A,16004,13520,Unknown,"Feb 6, 2014",?,NHK,"None found, add some"
Shimajirou no Wow!,N/A,12787,13771,Unknown,"Apr 2, 2012",?,"None found, add some",The Answer Studio
Kaoru no Taisetsu na Mono,N/A,15841,13839,Unknown,"Nov 18, 2020",?,CHANCE iN,Kachidoki Studio
Motto! Majime ni Fumajime Kaiketsu Zorori 2nd Season,N/A,11793,13920,Unknown,"Apr 2, 2021",?,"None found, add some",Ajia-Do
Utau Soccer Panda Mifanda,N/A,13607,14155,Unknown,"Apr 2, 2021",?,"None found, add some","None found, add some"
Manul no Yuube,N/A,16404,14178,Unknown,"Nov 11, 2018",?,"None found, add some","None found, add some"
Gohan Kaijuu Pap,N/A,15102,14318,Unknown,"Apr 25, 2011",?,"None found, add some",DLE
Yowamushi Monsters,N/A,13937,14661,Unknown,"Dec 25, 2012",?,NHK,"None found, add some"
Hyper Positive Yogoremon,N/A,15506,14728,Unknown,"Apr 18, 2021",?,"Fuji TV, Bandai",FIREBUG
Neko Neko Nihonshi 5th Season,N/A,11943,15194,Unknown,"Apr 8, 2020",?,NHK,"None found, add some"
Robot Pulta,N/A,12562,15290,Unknown,"Apr 4, 1995",?,NHK,"None found, add some"
Dosukoi Sushi Zumou,N/A,14799,15415,Unknown,"Apr 3, 2021",?,"None found, add some",Shirogumi
Norimono Man: Mobile Land no Car-kun,N/A,12071,15432,Unknown,"Apr 2, 2020",?,"None found, add some",CloverWorks
Bite-Choicar,N/A,14386,15542,26,"Apr 18, 2020",?,"None found, add some","None found, add some"
Liv & Bell,N/A,16292,15583,Unknown,"Feb 15, 2013",?,NHK,"None found, add some"
Beads no Mori no Rabi,N/A,14348,15719,Unknown,"Mar 20, 2015",?,NHK,"None found, add some"
Konigiri-kun,N/A,16090,15750,Unknown,"Feb 20, 2015",?,NHK,"None found, add some"
Otoppe,N/A,12270,15773,Unknown,"Apr 3, 2017",?,NHK,"None found, add some"
Fuwafuwa Hour: Pui Pui & Muu Muu,N/A,14985,15825,Unknown,"Jul 12, 2017",?,NHK,"None found, add some"
Oidon to,N/A,12132,16108,Unknown,"Dec 2, 2015",?,NHK,"None found, add some"
Keito no Yousei: Knit to Wool,N/A,15894,16333,Unknown,"Aug 24, 2015",?,NHK,"None found, add some"
Unicorn no Kyupi,N/A,13582,16420,Unknown,"Mar 20, 2017",?,"None found, add some","None found, add some"
Pakkororin,N/A,12300,16649,Unknown,"Mar 28, 2011",?,"None found, add some","None found, add some"
Reizouko no Tsukenosuke!,N/A,12522,16737,Unknown,"Oct 1, 2018",?,Shogakukan-Shueisha Productions,"None found, add some"
Onigiri ni Naritai Cogimyun,N/A,12191,17234,Unknown,"Jan 31, 2020",?,"None found, add some","None found, add some"
Origami Ninja Koyankinte,N/A,12226,17369,Unknown,"Apr 7, 2020",?,TV Tokyo,Directions
Pororo Donghwanala,N/A,12437,17789,Unknown,"Aug 24, 2020",?,"None found, add some","None found, add some"
ColoColo Animal Otogibanashi,N/A,14659,17894,Unknown,"Apr 12, 2021",?,"None found, add some",Milky Cartoon
Washimo 9th Season,N/A,13678,18329,Unknown,"Mar 30, 2021",?,NHK Enterprises,Studio Deen
Mo Dao Zu Shi: Wanjie Pian,8.55,87,3469,Unknown,"Aug 7, 2021",?,Tencent Penguin Pictures,B.CMAY PICTURES
Obey Me!,7.67,1109,4025,Unknown,"Jul 16, 2021",?,"Sotsu, Bouncy, Toei Agency",Colored Pencil Animation
Magia Record: Mahou Shoujo Madoka☆Magica Gaiden (TV) 2nd Season - Kakusei Zenya,7.71,1030,2966,8,"Aug 1, 2021","Sep 19, 2021","None found, add some",Shaft
Yu☆Gi☆Oh!: Sevens,5.34,10636,4622,Unknown,"Apr 4, 2020",?,"None found, add some",Bridge
Youkai Watch ♪,6.50,6073,3668,214,"Jan 8, 2014","Mar 30, 2018","TV Tokyo, Dentsu",OLM
Biohazard: Infinite Darkness,6.27,7246,5391,4,"Jul 8, 2021",?,"Capcom, Netflix","TMS Entertainment, Quebico"
Quanzhi Fashi V,7.26,2592,6283,12,"Jul 28, 2021","Oct 6, 2021","Tencent Penguin Pictures, China Literature Limited",Shanghai Foch Film and TV Culture Investment
Star Wars: Visions,N/A,?,6963,9,"Sep 22, 2021",?,"None found, add some","Production I.G, Kinema Citrus, Kamikaze Douga, Trigger, Studio Colorido, Geno Studio, Science SARU"
Assault Lily: Fruits,6.24,7369,8480,Unknown,"Jul 20, 2021",?,"None found, add some",Shaft
Shiroi Suna no Aquatope Mini,7.51,1581,1607,24,"Jul 9, 2021",?,"BS Fuji, Tokyo MX, Infinite, Forecast Communications, Kadokawa Media House, DMM pictures, Bandai Namco Arts, AQUA ARIS",P.A. Works
Yoshimaho,N/A,13920,9312,Unknown,"Jul 1, 2021",?,"None found, add some",DLE
Yuan Shen Haojie,N/A,13941,9639,52,"Jul 5, 2021",?,"None found, add some","None found, add some"
"Ore, Tsushima (ONA)",6.17,7721,9690,Unknown,"Jul 5, 2021",?,"Asmik Ace, Bit grooove promotion",AQUA ARIS
Xie Wang Zhui Qi 3: Shen Nu Guilai,N/A,13803,9978,Unknown,"Aug 13, 2021",?,"None found, add some","None found, add some"
Bai Yao Pu 2nd Season,N/A,14314,10396,12,"Jul 18, 2021",?,"None found, add some",Haoliners Animation League
Can Ci Pin: Fangzhu Xingkong,N/A,14471,10886,16,"Jul 30, 2021",?,bilibili,"None found, add some"
Yuan Long 2nd Season,N/A,13940,11216,16,"Jul 3, 2021",?,"None found, add some",CG Year
Dinghai Fusheng Lu,N/A,14755,11227,12,"Jul 15, 2021",?,"None found, add some",Shanghai Foch Film and TV Culture Investment
Heibai Wushuang 3rd Season,N/A,15280,11708,Unknown,"Jul 19, 2021",?,bilibili,"None found, add some"
Shaonian Ge Xing: Feng Hua Xue Yue Pian,N/A,12740,12271,32,"Jul 28, 2021",?,bilibili,CG Year
Idol Land PriPara,N/A,15532,12420,Unknown,"Aug 18, 2021",?,"None found, add some","None found, add some"
Wu Geng Ji 4th Season,N/A,13734,13102,42,"Jul 22, 2021",?,Tencent Penguin Pictures,Sparkly Key Animation Studio
Sou Xuan Lu Zhi Chen Ling Ji,N/A,13066,13504,6,"Jul 6, 2021","Aug 3, 2021","None found, add some",SJYNEXCUS
Xingchen Bian: Xichen Yao Hai,N/A,?,14627,Unknown,"Sep 5, 2021",?,"Tencent Penguin Pictures, China Literature Limited",Shanghai Foch Film and TV Culture Investment
Mini Van Large,N/A,16537,15141,Unknown,"Jul 6, 2021",?,"Half H.P Studio, Bushiroad",OLM
Shabake,N/A,12729,15688,1,"Jul 19, 2021",?,"None found, add some",Shuka
Xian Yu Ge,N/A,13780,16293,Unknown,"Jul 29, 2021",?,"None found, add some","None found, add some"
Gabuli,N/A,14990,17689,Unknown,"Jul 15, 2021",?,"None found, add some",Qzil.la
Ni Tian Zhizun,N/A,11979,17821,60,"Jul 16, 2021",?,Tencent Penguin Pictures,Soyep
Tonikaku Kawaii: SNS,N/A,13436,2353,1,"Aug 18, 2021",?,Warner Bros. Japan,Seven Arcs
Mahoutsukai no Yome: Nishi no Shounen to Seiran no Kishi,N/A,?,2990,3,"Sep 10, 2021",?,"flying DOG, Sound Team Don Juan, Twin Engine",Studio Kafka
Otome Game no Hametsu Flag shika Nai Akuyaku Reijou ni Tensei shiteshimatta... OVA,7.56,1422,1312,12,"Jul 3, 2021",?,Nichion,SILVER LINK.
Imaizumin Chi wa Douyara Gal no Tamariba ni Natteru Rashii,7.79,?,8367,2,"Aug 6, 2021",?,"None found, add some",T-Rex
Kuroinu II The Animation,N/A,?,8543,Unknown,"Aug 27, 2021",?,Pink Pineapple,Seven
Mako-chan Kaihatsu Nikki,6.38,?,8774,2,"Jul 2, 2021",?,"None found, add some",T-Rex
Anette-san to Liliana-san The Animation,6.42,?,9019,1,"Jul 30, 2021",?,Pink Pineapple,"None found, add some"
Succubus Appli: Gakuen Sai*,6.30,?,10545,Unknown,"Jul 30, 2021",?,Queen Bee,"None found, add some"
Jashin Shoukan: Inran Kyonyuu Oyako Ikenie Gishiki,N/A,?,11513,2,"Sep 3, 2021",?,"None found, add some",T-Rex
Boku no Hero Academia the Movie 3: World Heroes' Mission,7.15,3076,1651,1,"Aug 6, 2021",?,"None found, add some",Bones
Cider no You ni Kotoba ga Wakiagaru,7.55,1447,1844,1,"Jul 22, 2021",?,flying DOG,"Signal.MD, Sublimation"
Free! Movie 4: The Final Stroke,N/A,?,2691,1,"Sep 17, 2021",?,"None found, add some",Kyoto Animation
Fate/Grand Order: Shuukyoku Tokuiten - Kani Jikan Shinden Solomon,6.99,3781,3091,1,"Jul 30, 2021",?,Aniplex,CloverWorks
Nanatsu no Taizai Movie 2: Hikari ni Norowareshi Mono-tachi,6.64,5322,3187,1,"Jul 2, 2021",?,"None found, add some",Studio Deen
Kakushigoto Movie,7.66,1145,3366,1,"Jul 9, 2021",?,Studio Mausu,Ajia-Do
Ryuu to Sobakasu no Hime,7.09,3326,3592,1,"Jul 16, 2021",?,"None found, add some",Studio Chizu
Fate/kaleid liner Prisma☆Illya Movie: Licht - Namae no Nai Shoujo,N/A,?,3977,1,"Aug 27, 2021",?,"None found, add some",SILVER LINK.
Shika no Ou: Yuna to Yakusoku no Tabi,N/A,?,4283,1,"Sep 10, 2021",?,Toho,Production I.G
Kiniro Mosaic: Thank You!!,N/A,?,5621,1,"Aug 20, 2021",?,"None found, add some","Studio Gokumi, AXsiZ"
Misaki no Mayoiga,N/A,?,5819,1,"Aug 27, 2021",?,"Aniplex, Kodansha, Fuji TV",David Production
Princess Principal: Crown Handler Movie 2,N/A,?,6768,1,"Sep 23, 2021",?,"None found, add some",Actas
Ryouma! The Prince of Tennis Shinsei Movie: Tennis no Ouji-sama,N/A,?,7685,1,"Sep 3, 2021",?,"None found, add some","Keica, The Monk Studios"
BanG Dream! Film Live 2nd Stage,N/A,?,7865,1,"Aug 20, 2021",?,"None found, add some","None found, add some"
Tomorrow's Leaves,6.84,4391,10806,1,"Jul 23, 2021",?,"None found, add some",Studio Ponoc
Crayon Shin-chan Movie 29: Mystery Meki! Hana no Tenkasu Gakuen,N/A,14675,10834,1,"Jul 30, 2021",?,"None found, add some",Shin-Ei Animation
Gundam: G no Reconguista Movie III - Uchuu kara no Isan,N/A,15155,11147,1,"Jul 22, 2021",?,"None found, add some",Sunrise
100-nichikan Ikita Wani,N/A,14104,12017,1,"Jul 9, 2021",?,"None found, add some",Toho Interactive Animation
Tobidase! Narase! Pui Pui Molcar,N/A,13383,12205,1,"Jul 22, 2021",?,"None found, add some",Shin-Ei Animation
Shinkai no Survival!,N/A,12824,17151,1,"Aug 13, 2021",?,"None found, add some","Toei Animation, Gallop"
Bei Ken Xiong 2: Jinpai Tegong,N/A,14355,17488,1,"Jul 23, 2021",?,Alpha Pictures,RG Animation Studios
Mini Dragon Specials,7.57,1401,4201,8,"Jul 8, 2021","Jan 19, 2022","None found, add some","None found, add some"
Isekai Cheat Magician: Yoiboshi no Matsuri to Majutsushi,6.20,7576,4339,1,"Jul 5, 2021",?,"AT-X, Kadokawa",Encourage Films
Fumetsu no Anata e: Fushi no Tabiji,6.48,6143,4958,1,"Jul 5, 2021",?,"NHK, NHK Enterprises",Brain's Base
Bokutachi no Remake Recap,6.01,8489,7389,1,"Aug 14, 2021",?,"None found, add some",feel.
Princess Principal: Crown Handler Movie 1 - Busy Easy Money,N/A,?,7862,1,"Sep 28, 2021",?,"None found, add some",Actas
Nomad: Megalo Box 2 Short Anime,N/A,12047,8194,Unknown,"Jul 28, 2021",?,"None found, add some","None found, add some"
Magia Record: Mahou Shoujo Madoka☆Magica Gaiden (TV) Recaps,5.99,8604,8708,3,"Jul 4, 2021","Jul 18, 2021","None found, add some",Shaft
Hetalia World★Stars Specials,6.63,5386,8766,3,"Jul 28, 2021",?,"None found, add some",Studio Deen
Kyoto Animation: Souzou-hen,6.58,5628,9597,1,"Jul 8, 2021",?,Rakuonsha,Kyoto Animation
Kyoto Animation: Meiji-hen,6.49,6125,10774,1,"Jul 8, 2021",?,Rakuonsha,Kyoto Animation
Blue Reflection Ray Special,5.36,10567,3869,24,"Apr 10, 2021",?,"Mainichi Broadcasting System, Magic Capsule, DMM pictures",J.C.Staff
"Ijiranaide, Nagatoro-san",7.49,1654,315,12,"Apr 11, 2021","Jun 27, 2021",King Records,Telecom Animation Film
Hige wo Soru. Soshite Joshikousei wo Hirou.,7.37,2071,388,13,"Apr 5, 2021","Jun 28, 2021","Pony Canyon, Magic Capsule, Dream Shift",Project No.9
86,8.20,311,496,11,"Apr 11, 2021","Jun 20, 2021","Aniplex, Kadokawa, Bandai Spirits",A-1 Pictures
Vivy: Fluorite Eye's Song,8.52,98,554,13,"Apr 3, 2021","Jun 19, 2021",Aniplex,Wit Studio
Isekai Maou to Shoukan Shoujo no Dorei Majutsu Ω,6.73,4896,665,10,"Apr 9, 2021","Jun 11, 2021","Kodansha, Half H.P Studio, KlockWorx, 81 Produce, Avex Pictures, Crunchyroll, GREE","Tezuka Productions, Okuruto Noboru"
Fruits Basket: The Final,9.09,5,703,13,"Apr 6, 2021","Jun 29, 2021","TV Tokyo, TV Osaka, Nihon Ad Systems, Hakusensha, Avex Pictures, TMS Music",TMS Entertainment
"Sentouin, Hakenshimasu!",7.23,2691,721,12,"Apr 4, 2021","Jun 20, 2021","Nippon Columbia, Kadokawa",J.C.Staff
"Slime Taoshite 300-nen, Shiranai Uchi ni Level Max ni Nattemashita",7.05,3515,770,12,"Apr 10, 2021","Jun 26, 2021","Square Enix, Movic, AT-X, Nippon Columbia, KlockWorx, Studio Mausu, Bushiroad, Hakuhodo DY Music & Pictures, Medicos Entertainment, BS11, DMM.com, SB Creative",Revoroot
Tensura Nikki: Tensei shitara Slime Datta Ken,7.53,1505,826,12,"Apr 6, 2021","Jun 22, 2021","Lantis, Kodansha, BS11, Bandai Namco Arts, Micro Magazine Publishing, Bandai Spirits, Sony Music Solutions, ADK Marketing Solutions",8bit
Osananajimi ga Zettai ni Makenai Love Comedy,6.13,7919,950,12,"Apr 14, 2021","Jun 30, 2021","Delfi Sound, Kadokawa",Doga Kobo
Odd Taxi,8.81,28,1035,13,"Apr 6, 2021","Jun 29, 2021","Pony Canyon, Pony Canyon Enterprise","OLM, P.I.C.S."
Koi to Yobu ni wa Kimochi Warui,7.19,2901,1074,12,"Apr 5, 2021","Jun 14, 2021","BS Fuji, Hokkaido Cultural Broadcasting, Amusement Media Academy, Ichijinsha, Kanetsu Investment, Sonilude, Toyo Recording, BloomZ, AMG Entertainment, MediaNet Pictures, Christmas Holly, Miyazaki Broadcasting, C-one",Nomad
Kyuukyoku Shinka shita Full Dive RPG ga Genjitsu yori mo Kusoge Dattara,6.50,6044,1136,12,"Apr 7, 2021","Jun 23, 2021","Kadokawa, Bit grooove promotion",ENGI
Zombieland Saga: Revenge,8.06,476,1162,12,"Apr 8, 2021","Jun 24, 2021","Avex Pictures, dugout",MAPPA
Yuukoku no Moriarty 2nd Season,8.22,301,1228,13,"Apr 4, 2021","Jun 27, 2021","Mainichi Broadcasting System, Shueisha, Yomiuri TV Enterprise, Bandai Namco Arts, Bandai Spirits",Production I.G
Shadows House,7.78,888,1283,13,"Apr 11, 2021","Jul 4, 2021","Aniplex, WOWOW, Tokyo MX, Shueisha, BS Asahi",CloverWorks
Mashiro no Oto,7.58,1356,1474,12,"Apr 3, 2021","Jun 19, 2021",DMM Music,Shin-Ei Animation
Seijo no Maryoku wa Bannou Desu,7.27,2513,1512,12,"Apr 6, 2021","Jun 22, 2021","Lantis, Kadokawa, Bit grooove promotion",Diomedéa
Mars Red,6.66,5213,1614,13,"Apr 6, 2021","Jun 29, 2021","VAP, Yomiuri TV Enterprise, Pony Canyon Enterprise, D-techno, Nihon Keizai Koukokusha",Signal.MD
SSSS.Dynazenon,7.47,1695,1777,12,"Apr 2, 2021","Jun 18, 2021","Mainichi Broadcasting System, Pony Canyon, Tsuburaya Productions, Ultra Super Pictures, Memory-Tech, Good Smile Company, BS11",Trigger
Jouran: The Princess of Snow and Blood,6.10,8061,1884,12,"Apr 7, 2021","Jun 23, 2021","Dentsu, Tatsunoko Production, Bushiroad, Nippon Television Network, Bushiroad Music, Sonilude, HJ Holdings, Bushiroad Move",Bakken Record
Shakunetsu Kabaddi,7.11,3251,1906,12,"Apr 3, 2021","Jun 19, 2021",TV Tokyo,TMS Entertainment
Super Cub,7.47,1696,1908,12,"Apr 7, 2021","Jun 23, 2021",Bandai Namco Arts,Studio Kai
Bishounen Tanteidan,7.24,2656,1990,12,"Apr 11, 2021","Jun 27, 2021","Aniplex, Kodansha",Shaft
Bakuten!!,7.61,1264,1999,12,"Apr 9, 2021","Jun 25, 2021","Aniplex, Dentsu, Animax, Movic, Fuji TV, BS Fuji, Aeon Entertainment",Zexcs
Subarashiki Kono Sekai The Animation,6.16,7821,2317,12,"Apr 10, 2021","Jun 26, 2021",Mainichi Broadcasting System,"Shin-Ei Animation, domerica"
Godzilla: S.P,6.72,4922,2508,13,"Apr 1, 2021","Jun 24, 2021","TOHO animation, Netflix, Toho Music","Bones, Orange"
"Dragon, Ie wo Kau.",6.42,6466,2785,12,"Apr 4, 2021","Jun 20, 2021","Pony Canyon, Studio Mausu",Signal.MD
Seven Knights Revolution: Eiyuu no Keishousha,6.37,6716,2821,12,"Apr 5, 2021","Jun 21, 2021","Rakuonsha, TOHO animation","LIDENFILMS, domerica"
Sayonara Watashi no Cramer,6.10,8077,2940,13,"Apr 4, 2021","Jun 27, 2021",Toy's Factory,LIDENFILMS
Yakunara Mug Cup mo,6.49,6094,3014,12,"Apr 3, 2021","Jun 21, 2021","CBC Television, Planet, Half H.P Studio, Nippon Columbia, 81 Produce, Tokyo MX, BS11, Maho Film, Zipang",Nippon Animation
Kuro Gal ni Natta kara Shinyuu to shitemita.,6.03,8427,3257,8,"Apr 5, 2021","May 24, 2021","Suiseisha, blackflag",Irawias
Cestvs: The Roman Fighter,5.98,8614,4319,11,"Apr 15, 2021","Jun 24, 2021","Hakusensha, Fuji TV, Bandai, Bandai Namco Live Creative, BS Fuji, Hakuhodo DY Media Partners, Bandai Spirits",Bandai Namco Pictures
Fairy Ranmaru: Anata no Kokoro Otasuke Shimasu,5.97,8657,4396,12,"Apr 8, 2021","Jun 24, 2021",Pony Canyon,Studio Comet
Cardfight!! Vanguard: overDress,5.92,8827,5459,12,"Apr 3, 2021","Jun 26, 2021",Bushiroad,Kinema Citrus
Battle Athletess Daiundoukai ReSTART!,5.13,11026,6310,12,"Apr 11, 2021","Jun 27, 2021","TV Asahi, Nippon Columbia, KlockWorx, BS Fuji, Wolfsbane, SUPA LOVE, Starry Cube, TV Asahi Music, tamakoshi, CTW, FUTURE LEAP , AIC Rights",Seven
Yuuki Yuuna wa Yuusha de Aru Churutto!,5.88,8985,6670,12,"Apr 10, 2021","Jun 26, 2021",Mainichi Broadcasting System,"W-Toon Studio, DMM.futureworks"
Itazuraguma no Gloomy,5.15,10998,6717,12,"Apr 12, 2021","Jun 28, 2021","Contents Seed, Mixer",NAZ
Iii Icecrin,N/A,15533,14591,12,"Apr 6, 2021","Jun 29, 2021","None found, add some",Shin-Ei Animation
Oshiri Tantei 5th Season,N/A,12246,16177,13,"Apr 3, 2021","Jun 26, 2021","None found, add some",Toei Animation
Neko Jockey,N/A,11935,17442,4,"May 6, 2021","May 27, 2021",Asahi Broadcasting,"None found, add some"
Nanatsu no Taizai: Fundo no Shinpan,6.62,5428,632,24,"Jan 13, 2021","Jun 23, 2021",TV Tokyo,Studio Deen
"Kumo Desu ga, Nani ka?",7.46,1744,643,24,"Jan 8, 2021","Jul 3, 2021",Kadokawa,Millepensee
Back Arrow,6.29,7133,3171,24,"Jan 9, 2021","Jun 19, 2021","Aniplex, Movic, BS11, ABC Animation, Legs, Bandai Spirits",Studio VOLN
Rebirth,5.82,9163,7754,48,"Jan 5, 2020","Jun 23, 2021",LIDENFILMS,LIDENFILMS Osaka Studio
D4DJ Petit Mix,6.88,4203,8064,26,"Feb 5, 2021","Jul 30, 2021","None found, add some","W-Toon Studio, DMM.futureworks"
Aikatsu Planet!,6.51,5989,9134,24,"Jan 10, 2021","Jun 20, 2021","None found, add some",Bandai Namco Pictures
Kiratto Pri☆chan Season 3,6.72,4933,10113,51,"Apr 5, 2020","May 30, 2021",syn Sophia,Tatsunoko Production
Sigan Yeohaengja Luke,N/A,12937,17937,52,"May 9, 2020","Jul 10, 2021","None found, add some","None found, add some"
Gokushufudou,7.03,3637,777,5,"Apr 8, 2021",?,Netflix,J.C.Staff
Shuumatsu no Walküre,6.63,5362,1296,12,"Jun 17, 2021",?,Warner Bros. Japan,Graphinica
Shiguang Dailiren,8.89,21,1873,11,"Apr 30, 2021","Jul 9, 2021",bilibili,Haoliners Animation League
Yasuke,5.82,9168,2453,6,"Apr 29, 2021",?,"None found, add some",MAPPA
Youjo Senki: Sabaku no Pasta Daisakusen,7.38,2041,3110,1,"Jun 19, 2021",?,"Magic Capsule, Kadokawa",Nut
Eden (ONA),6.36,6767,4799,4,"May 27, 2021",?,"Nice Boat Animation, Wolf Smoke Studio, Netflix","Qubic Pictures, CGCG Studio"
Etotama: Nyankyaku Banrai,6.37,6736,5709,1,"May 25, 2021",?,"None found, add some",Shirogumi
Shiguang Dailiren Fan Wai Pian: Biwu Zhaoqin,7.83,791,6115,1,"May 28, 2021",?,bilibili,Haoliners Animation League
Yoru no Kuni,7.46,1761,6771,Unknown,"Apr 16, 2021",?,"None found, add some",Studio Daisy
Daomu Biji Zhi Qinling Shen Shu,6.65,5258,7765,12,"Apr 4, 2021","Jun 13, 2021",Tencent Animation & Comics,"None found, add some"
Chibi Revenger,7.17,2976,7755,Unknown,"Apr 12, 2021",?,"None found, add some","Studio PuYUKAI, LIDENFILMS"
Hololive Alternative,8.06,470,8047,1,"May 21, 2021",?,"None found, add some",Hololive Production
Artiswitch,6.28,7162,8086,6,"May 28, 2021","Sep 10, 2021","None found, add some",Sunrise
Katarina Nounai Kaigi X,N/A,15870,8115,Unknown,"Jun 21, 2021",?,"None found, add some","None found, add some"
Wanmei Shijie,7.08,3392,8331,78,"Apr 23, 2021",?,Tencent Penguin Pictures,Shanghai Foch Film and TV Culture Investment
Liang Bu Yi,7.18,2924,8371,24,"Apr 21, 2021",?,bilibili,"None found, add some"
Shi Yi Chang An: Mingyue Jishi You Er,6.76,4744,7054,12,"Oct 28, 2020","Jan 6, 2021",bilibili,Ling San Wu Donghua
Mi Bao Zhi Guo,5.85,9084,8916,10,"Apr 16, 2021","Jun 11, 2021","None found, add some",2:10 AM Animation
Celia-sensei no Wakuwaku Magical Kyoushitsu,6.38,6663,8992,Unknown,"May 25, 2021",?,Kanon Sound,AQUA ARIS
Zhen Hun Jie: Bei Luo Shi Men Pian Part 2,6.92,4058,9202,10,"May 15, 2021","Jun 26, 2021","None found, add some","None found, add some"
Douluo Dalu: Shan Yu Yu Lai,8.04,497,9235,13,"May 22, 2021","Aug 14, 2021","None found, add some",Sparkly Key Animation Studio
Peach Boy Riverside Mini Anime,5.80,9232,9701,12,"May 25, 2021","Jun 29, 2021","None found, add some","None found, add some"
Tian Bao Fuyao Lu 2nd Season,7.52,1569,9763,13,"Apr 25, 2021","Aug 1, 2021",bilibili,Sparkly Key Animation Studio
Beyblade Burst Dynamite Battle,6.33,6936,10491,Unknown,"Apr 2, 2021",?,Asatsu DK,OLM
SD Gundam World Heroes,5.60,9903,11094,Unknown,"Apr 8, 2021",?,"None found, add some",Sunrise
Natsume Yuujinchou: Hitoyoshi Kuma de no Yasashii Jikan,6.77,4663,11298,1,"Apr 21, 2021",?,"None found, add some","None found, add some"
Blue Reflection Ray!,5.36,10567,3869,24,"Apr 10, 2021",?,"Mainichi Broadcasting System, Magic Capsule, DMM pictures",J.C.Staff
Wan Jie Du Zun,6.79,4581,11380,50,"Apr 6, 2021",?,"None found, add some",Ruo Hong Culture
Wu Shang Shen Di 2nd Season,6.95,3910,12025,64,"May 21, 2021",?,"None found, add some","None found, add some"
Li Linke de Xiao Guaner,N/A,16266,12089,10,"Apr 27, 2021","Jun 22, 2021","None found, add some",Delight Animation
Juan Siliang,N/A,15685,12411,15,"Jun 14, 2021",?,"None found, add some",Wulifang Digital
Ling Long: Incarnation Final Chapter,7.28,2467,12593,2,"May 1, 2021","May 5, 2021",bilibili,YHKT Entertainment
Luo Xiao Hei Zhan Ji: Zhongsheng Zhi Men,N/A,16312,13041,12,"Apr 24, 2021","Jul 17, 2021","None found, add some","None found, add some"
Ling Long: Incarnation Special,7.28,2468,13098,1,"May 15, 2021",?,"None found, add some","None found, add some"
Kuang Shen Mo Zun,N/A,16150,13516,60,"May 20, 2021",?,"None found, add some","None found, add some"
Xinghe Zhizun,N/A,13811,13739,45,"Jun 10, 2021",?,"None found, add some",Ruo Hong Culture
Xi Xing Ji: Suming Pian,N/A,13743,13922,20,"Jun 2, 2021","Jul 28, 2021","None found, add some","None found, add some"
Hua Jianghu Zhi Huan Shi Men Sheng 2nd Season,N/A,15459,15669,Unknown,"May 12, 2021",?,"None found, add some","None found, add some"
Ndaho Kekkon Omedetou!!,6.08,8177,15738,1,"Apr 30, 2021",?,"None found, add some",LIDENFILMS
Aoi Hane Mitsuketa! Sagashite Miyou Mijika na Tori-tachi,N/A,14226,16018,Unknown,"Apr 26, 2021",?,"None found, add some","None found, add some"
Zhihao Beipan Diqiule,N/A,14037,16140,Unknown,"Jun 11, 2021",?,"None found, add some","None found, add some"
Wan Jie Xian Zong 5th Season,N/A,13645,16218,48,"Jun 26, 2021",?,Tencent Penguin Pictures,Ruo Hong Culture
Tai Yi Xian Mo Lu Zhi Ling Fei Ji IV,N/A,13199,16838,Unknown,"May 16, 2021",?,"None found, add some","None found, add some"
Wo Zhen de Meiyong Mie?,N/A,13718,17147,12,"Apr 19, 2021","Jul 5, 2021",bilibili,Making Animation
Kaijuu Step SDGs Daisakusen,N/A,15754,18324,Unknown,"Apr 22, 2021",?,Tsuburaya Productions,Usagi Ou
Kaguya-sama wa Kokurasetai: Tensai-tachi no Renai Zunousen OVA,7.57,1397,1270,1,"May 19, 2021",?,"Aniplex, Shueisha",A-1 Pictures
Dungeon ni Deai wo Motomeru no wa Machigatteiru Darou ka III OVA,6.81,4513,2573,1,"Apr 28, 2021",?,"Egg Firm, SB Creative",J.C.Staff
Oyasumi Sex,6.82,?,5828,4,"Oct 26, 2018","Sep 3, 2021",Mary Jane,"None found, add some"
Uchi no Otouto Maji de Dekain Dakedo Mi ni Konai?,7.53,?,5900,2,"Apr 28, 2021",?,"None found, add some",T-Rex
J* Fuuzoku Gakuensai,7.13,?,6846,2,"Apr 2, 2021",?,"None found, add some",T-Rex
Sakusei Byoutou The Animation,7.03,?,8223,Unknown,"Apr 30, 2021",?,Pink Pineapple,Seven
Netokano,5.74,?,8245,1,"Jun 4, 2021",?,"None found, add some",T-Rex
Eroge de Subete wa Kaiketsu Dekiru! The Animation,7.34,?,8443,1,"Jun 25, 2021",?,Pink Pineapple,Seven
Netoshisu,5.37,?,8524,1,"Jun 4, 2021",?,"None found, add some",T-Rex
Bitch na Inane-sama,6.08,?,8744,Unknown,"Apr 23, 2021",?,"None found, add some",Queen Bee
Kazoku: Haha to Shimai no Kyousei,6.51,?,8973,Unknown,"May 28, 2021",?,"None found, add some",PoRO
Shidoukan Day After The Animation,5.54,?,9042,2,"Apr 30, 2021","May 28, 2021",Pink Pineapple,Seven
Karada de Kaiketsu Hyakkiya Tantei Jimusho,6.32,?,9918,3,"May 28, 2021","Sep 24, 2021","None found, add some","None found, add some"
Fate/Grand Order: Shinsei Entaku Ryouiki Camelot 2 - Paladin; Agateram,7.31,2332,2899,1,"May 15, 2021",?,"Aniplex, Notes, Delightworks",Production I.G
Sidonia no Kishi: Ai Tsumugu Hoshi,N/A,12936,3967,1,"Jun 4, 2021",?,"Kodansha, King Records",Polygon Pictures
Mobile Suit Gundam: Hathaway's Flash,7.96,603,4318,1,"Jun 11, 2021",?,"None found, add some",Sunrise
Detective Conan Movie 24: The Scarlet Bullet,7.67,1123,5200,1,"Apr 16, 2021",?,"None found, add some",TMS Entertainment
Sayonara Watashi no Cramer Movie: First Touch,7.22,2763,5688,1,"Jun 11, 2021",?,"None found, add some",LIDENFILMS
Shoujo☆Kageki Revue Starlight Movie,N/A,12888,6849,1,"Jun 4, 2021",?,"None found, add some",Kinema Citrus
BanG Dream! Movie: Episode of Roselia - I: Yakusoku,7.21,2799,6862,1,"Apr 23, 2021",?,"None found, add some",SANZIGEN
Journey: Taiko Arabia Hantou de no Kiseki to Tatakai no Monogatari,6.61,5479,7127,1,"Jun 25, 2021",?,Manga Productions,"Toei Animation, Yokohama Animation Lab"
Eiga Daisuki Pompo-san (Movie),N/A,14851,7357,1,"Jun 4, 2021",?,Kadokawa,CLAP
BanG Dream! Movie: Episode of Roselia - II: Song I Am.,7.10,3283,8033,1,"Jun 25, 2021",?,"None found, add some",SANZIGEN
"""Uchuu Senkan Yamato"" to Iu Jidai: Seireki 2202-nen no Sentaku",N/A,14099,8099,1,"Jun 11, 2021",?,"None found, add some",studio MOTHER
Gyokou no Nikuko-chan,N/A,15160,8398,1,"Jun 11, 2021",?,"None found, add some",Studio 4°C
Sore Ike! Anpanman: Fuwa Fuwa Fuwaly to Kumo no Kuni,N/A,13010,15653,1,"Jun 25, 2021",?,"None found, add some",TMS Entertainment
Xiyou Ji: Zai Shi Yao Wang,N/A,13836,17035,1,"Apr 2, 2021",?,"None found, add some","None found, add some"
Konglong Feiche,N/A,16091,18040,1,"May 15, 2021",?,"None found, add some","None found, add some"
Wonder Egg Priority Special,5.09,11099,1591,1,"Jun 30, 2021",?,Aniplex,CloverWorks
86 Special Edition: Senya ni Akaku Hinageshi no Saku,6.80,4529,3198,1,"Jun 27, 2021",?,Aniplex,A-1 Pictures
Tensei Shitara Slime Datta Ken 2nd Season: Kanwa - Veldora Nikki 2,6.96,3891,3495,1,"Jun 29, 2021",?,"None found, add some",8bit
Jaku-Chara Tomozaki-kun Specials,6.67,5187,3570,2,"May 7, 2021","Jun 2, 2021","None found, add some",Project No.9
Yuru Camp△ Season 2 Specials,6.96,3896,4940,2,"May 26, 2021","Jul 28, 2021","None found, add some",C-Station
Vivy: Fluorite Eye's Song - To Make Everyone Happy With My Singing,7.24,2682,4948,1,"Jun 26, 2021",?,Aniplex,Wit Studio
Tenchi Souzou Design-bu Special,7.22,2771,5282,1,"Apr 2, 2021",?,"None found, add some",Asahi Production
"Dragon Quest: Dai no Daibouken (2020): Bouken no Kiseki, Kore kara no Tabiji",6.13,7946,9806,1,"Jun 26, 2021",?,"TV Tokyo, Square Enix, Shueisha",Toei Animation
Ensemble Stars!! 5th Anniversary Animation PV,N/A,14877,14158,1,"Apr 12, 2021",?,"None found, add some",David Production
Shingeki no Kyojin: The Final Season,8.95,16,62,16,"Dec 7, 2020","Mar 29, 2021","Production I.G, Dentsu, Mainichi Broadcasting System, Pony Canyon, Kodansha, Techno Sound, Pony Canyon Enterprise",MAPPA
Horimiya,8.22,291,155,13,"Jan 10, 2021","Apr 4, 2021","Aniplex, Square Enix, Mainichi Broadcasting System, Movic, Kanetsu Investment, My Theater D.D., Global Solutions, Mirai-Kojo",CloverWorks
Yakusoku no Neverland 2nd Season,5.50,10209,178,11,"Jan 8, 2021","Mar 26, 2021","Aniplex, Shueisha",CloverWorks
Dr. Stone: Stone Wars,8.20,315,203,11,"Jan 14, 2021","Mar 25, 2021","TOHO animation, Shueisha, Toho Music",TMS Entertainment
Mushoku Tensei: Isekai Ittara Honki Dasu,8.37,173,214,11,"Jan 11, 2021","Mar 22, 2021","Frontier Works, TOHO animation, Hakuhodo DY Music & Pictures, BS11, Egg Firm, Kadokawa, GREE, Toho Music",Studio Bind
Re:Zero kara Hajimeru Isekai Seikatsu 2nd Season Part 2,8.55,87,254,12,"Jan 6, 2021","Mar 24, 2021",Kadokawa,White Fox
5-toubun no Hanayome ∬,7.67,1116,216,12,"Jan 11, 2019","Mar 29, 2019","None found, add some",Tezuka Productions
Kaifuku Jutsushi no Yarinaoshi,6.31,7042,424,12,"Jan 13, 2021","Mar 31, 2021","Lantis, AT-X, Glovision, Docomo Anime Store, Kadokawa Media House, Kadokawa, Bandai Namco Arts",TNK
SK∞,8.04,504,495,12,"Jan 10, 2021","Apr 4, 2021","Aniplex, Movic, ABC Animation",Bones
Beastars 2nd Season,7.97,582,593,12,"Jan 7, 2021","Mar 25, 2021","Movic, Fuji TV, Bandai, Toho, BS Fuji, Q-Tec, Akita Shoten, Hakuhodo DY Media Partners, Bandai Spirits, Toho Music",Orange
Kemono Jihen,7.44,1802,692,12,"Jan 10, 2021","Mar 28, 2021","Frontier Works, Lantis, Shueisha, Yomiuri TV Enterprise, Bandai Namco Arts, JTB Next Creation",Ajia-Do
Ore dake Haireru Kakushi Dungeon,6.29,7102,730,12,"Jan 9, 2021","Mar 27, 2021",DMM Music,Okuruto Noboru
Hataraku Saibou!!,7.59,1339,298,13,"Jul 8, 2018","Sep 30, 2018","Aniplex, Kodansha, Magic Capsule",David Production
Tatoeba Last Dungeon Mae no Mura no Shounen ga Joban no Machi de Kurasu Youna Monogatari,6.34,6901,944,12,"Jan 4, 2021","Mar 22, 2021","AT-X, NBCUniversal Entertainment Japan, Sammy, BS11, JR East Marketing & Communications, GREE, SB Creative, Tapioca",LIDENFILMS
Log Horizon: Entaku Houkai,7.04,3580,957,12,"Jan 13, 2021","Mar 31, 2021","None found, add some",Studio Deen
Hataraku Saibou Black (TV),7.55,1455,1010,13,"Jan 10, 2021","Mar 19, 2021","Aniplex, Kodansha, Studio Mausu, Tokyo MX, NetEase",LIDENFILMS
Urasekai Picnic,6.55,5775,1741,12,"Jan 4, 2021","Mar 22, 2021","Sony Pictures Entertainment, Square Enix, Frontier Works, AT-X, Hakuhodo DY Music & Pictures, Amusement Media Academy, BS11, Good Smile Film, Hayakawa Shobou","LIDENFILMS, Felix Film"
2.43: Seiin Koukou Danshi Volley-bu,6.17,7741,1745,12,"Jan 8, 2021","Mar 26, 2021","Aniplex, Dentsu, Animax, Movic, Fuji TV, Fujipacific Music, Shueisha, Fuji Creative, Tohan Corporation, Japan Volleyball Association",David Production
World Trigger 2nd Season,8.09,427,1754,12,"Jan 10, 2021","Apr 4, 2021",TV Asahi,Toei Animation
Non Non Biyori Nonstop,8.41,145,1830,12,"Jan 11, 2021","Mar 29, 2021","TV Tokyo, Lantis, AT-X, Kadokawa, Bandai Namco Arts, Bit grooove promotion, Sony Music Solutions",SILVER LINK.
Bungou Stray Dogs Wan!,7.86,741,2064,12,"Jan 13, 2021","Mar 31, 2021","None found, add some","Bones, Nomad"
Ex-Arm,2.96,11730,2083,12,"Jan 11, 2021","Mar 29, 2021","Nippon Columbia, BS Fuji, Shueisha, Yomiuri TV Enterprise, MAGNET, Video Market, Royal Limousine",Visual Flight
Kai Byoui Ramune,7.17,2992,2460,12,"Jan 10, 2021","Mar 28, 2021","Kodansha, King Records",Platinum Vision
Hortensia Saga (TV),5.77,9352,2682,12,"Jan 7, 2021","Mar 25, 2021","None found, add some",LIDENFILMS
Idoly Pride,7.41,1920,2852,12,"Jan 10, 2021","Mar 28, 2021","Half H.P Studio, F.M.F, Wicky.Records",Lerche
Wave!!: Surfing Yappe!! (TV),5.84,9108,2865,12,"Jan 12, 2021","Mar 30, 2021",Delfi Sound,Asahi Production
Azur Lane: Bisoku Zenshin!,7.05,3529,3133,12,"Jan 12, 2021","Mar 30, 2021",Delfi Sound,"Yostar Pictures, CANDY BOX"
Skate-Leading☆Stars,6.41,6521,3139,12,"Jan 10, 2021","Mar 28, 2021","None found, add some",J.C.Staff
Jimihen!!: Jimiko wo Kaechau Jun Isei Kouyuu!!,6.33,6951,3205,8,"Jan 4, 2021","Feb 22, 2021","Studio Mausu, Suiseisha",Studio Hokiboshi
Uma Musume: Pretty Derby (TV) Season 2,7.99,564,3350,13,"Jan 5, 2021","Mar 30, 2021","TOHO animation, Cygames",Studio Kai
Project Scard: Praeter no Kizu,5.82,9161,3475,13,"Jan 9, 2021","Apr 3, 2021","Frontier Works, Glovision",GoHands
Majutsushi Orphen Hagure Tabi: Kimluck-hen,6.13,7957,4083,11,"Jan 20, 2021","Mar 31, 2021","Genco, Lantis, MediaNet Pictures",Studio Deen
I★Chu: Halfway Through the Idol,6.55,5790,4786,12,"Jan 6, 2021","Mar 24, 2021","Half H.P Studio, Twin Engine",Lay-duce
Gekidol: Actidol Project,5.56,10009,4914,12,"Jan 5, 2021","Mar 3, 2021","None found, add some",Hoods Entertainment
Soukou Musume Senki,5.74,9463,4965,12,"Jan 7, 2021","Mar 25, 2021",DMM Music,Studio A-CAT
Yatogame-chan Kansatsu Nikki Sansatsume,6.33,6927,5152,12,"Jan 10, 2021","Mar 28, 2021","None found, add some","Creators in Pack, LEVELS"
Yami Shibai 8,5.63,9800,5274,13,"Jan 11, 2021","Apr 5, 2021","TV Tokyo, Toho Interactive Animation","ILCA, DRAWIZ"
Show by Rock!! Stars!!,7.03,3608,5661,12,"Jan 7, 2021","Mar 25, 2021","Dentsu, Square Enix, Pony Canyon, Sanrio, KlockWorx, BS Fuji, 81 Produce, Tokyo MX, Hokkaido Cultural Broadcasting, Sammy, FuRyu, Sony Music Solutions",Kinema Citrus
WIXOSS Diva(A)Live,5.64,9785,5668,12,"Jan 9, 2021","Mar 27, 2021","None found, add some",J.C.Staff
World Witches Hasshin Shimasu!,6.35,6818,5698,12,"Jan 13, 2021","Mar 31, 2021","Nippon Columbia, Glovision","Acca effe, Giga Production"
Shin Chuuka Ichiban! 2nd Season,6.63,5359,7481,12,"Jan 11, 2021","Mar 30, 2021",Kodansha,"Production I.G, Nihon Ad Systems"
Idolls!,5.11,11066,7668,10,"Jan 8, 2021","Mar 12, 2021","81 Produce, RAY, Stray Cats, BS Asahi",Shin-Ei Animation
Abciee Shuugyou Nikki,5.51,10164,9194,12,"Jan 7, 2021","Mar 25, 2021","None found, add some",Fanworks
Kindan Joshi,N/A,15984,12554,5,"Dec 29, 2020","Jan 3, 2021","Bandai, Chukyo TV Broadcasting, FIREBUG","None found, add some"
Akachan Honbuchou,N/A,14161,16056,8,"Mar 29, 2021",?,"NHK, NHK Enterprises",Tomovies
Xi Yangyang Yu Hui Tailang: Kuang Chu Shengli,N/A,13757,17977,60,"Jan 21, 2021","Feb 5, 2021","None found, add some","None found, add some"
Jujutsu Kaisen (TV),8.75,37,52,24,"Oct 3, 2020","Mar 27, 2021","Mainichi Broadcasting System, TOHO animation, Shueisha, dugout, Sumzap",MAPPA
Black Clover,8.04,492,80,170,"Oct 3, 2017","Mar 30, 2021","TV Tokyo, Avex Pictures, Shueisha",Studio Pierrot
Higurashi no Naku Koro ni Gou,7.23,2713,852,24,"Oct 1, 2020","Mar 19, 2021","Frontier Works, Sotsu, MAGES., Tokyo MX, Infinite, BS11, Daiichi Shokai, Kadokawa, ELF-IN",Passione
Hanyou no Yashahime: Sengoku Otogizoushi,6.72,4925,1668,24,"Oct 3, 2020","Mar 20, 2021","Shogakukan, Yomiuri TV Enterprise",Sunrise
King's Raid: Ishi wo Tsugumono-tachi,5.99,8600,2436,26,"Oct 3, 2020","Mar 27, 2021","None found, add some","OLM, Sunrise Beyond"
Osomatsu-san 3rd Season,7.30,2389,4271,25,"Oct 13, 2020","Mar 30, 2021","Rakuonsha, Avex Pictures",Studio Pierrot
Shadowverse (TV),5.69,9610,4913,48,"Apr 7, 2020","Mar 23, 2021","TV Tokyo, Sonilude",Zexcs
Inu to Neko Docchi mo Katteru to Mainichi Tanoshii,7.26,2572,4977,24,"Oct 3, 2020","Mar 27, 2021","Half H.P Studio, studioGONG",Team TillDawn
Healin' Good♡Precure,6.76,4720,5806,45,"Feb 2, 2020","Feb 21, 2021","Asatsu DK, Asahi Broadcasting, ABC Animation",Toei Animation
Anime Kapibara-san,6.56,5707,8501,24,"Oct 9, 2020","Mar 26, 2021",Jinnan Studio,"Shin-Ei Animation, Lesprit"
Bakugan: Armored Alliance,5.61,9870,8904,52,"Apr 3, 2020","Mar 26, 2021","None found, add some",TMS Entertainment
Garugaku.: Sei Girls Square Gakuin,5.65,9742,9943,50,"Apr 6, 2020","Mar 29, 2021","None found, add some","OLM, Wit Studio"
Youkai Watch Jam: Youkai Gakuen Y - N to no Souguu,6.41,6524,10722,63,"Dec 27, 2019","Apr 2, 2021","None found, add some",OLM
Tomica Kizuna Gattai: Earth Granner,N/A,13417,10823,51,"Apr 5, 2020","Mar 28, 2021","None found, add some",OLM
Obake Zukan,N/A,12105,12911,39,"Jul 1, 2020","Mar 31, 2021","None found, add some",Fanworks
Poccolies,N/A,12401,15271,50,"Apr 6, 2020","Mar 15, 2021","None found, add some",Kachidoki Studio
Awajishima no Shichifukujin,N/A,14287,17245,25,"Oct 5, 2020","Mar 5, 2021","None found, add some","None found, add some"
Kaijuu Step Wandabada 2nd Season,N/A,15756,17389,26,"Sep 25, 2020","Mar 26, 2021","Tsuburaya Productions, NHK Enterprises",Usagi Ou
Catch! Tiniping,N/A,14491,17994,52,"Mar 19, 2020","Apr 1, 2021","None found, add some","None found, add some"
Tenkuu Shinpan,6.80,4562,1008,12,"Feb 25, 2021",?,"Kodansha, Netflix",Zero-G
B: The Beginning Succession,6.12,7961,2062,6,"Mar 18, 2021",?,Netflix,Production I.G
Super Dragon Ball Heroes,5.27,10750,2241,Unknown,"Jul 1, 2018",?,"None found, add some",Toei Animation
Kimetsu Gakuen: Valentine-hen,6.69,5083,3193,4,"Feb 14, 2021",?,"None found, add some",ufotable
Tian Guan Ci Fu Special,8.52,97,4009,1,"Feb 16, 2021",?,bilibili,Haoliners Animation League
Wu Liuqi Zhi Xuanwu Guo Pian,8.36,183,5122,10,"Jan 21, 2021","May 5, 2021",Sharefun Studio,"None found, add some"
Otona no Bouguya-san II,5.45,10319,5403,12,"Jan 2, 2021","Mar 20, 2021","None found, add some",IMAGICA Lab.
Enen no Shouboutai Mini Anime,5.83,9133,5885,30,"Jan 8, 2021","Jul 30, 2021","None found, add some","None found, add some"
Shanhe Jian Xin,7.85,755,7963,16,"Feb 8, 2021","Mar 15, 2021",Tencent Penguin Pictures,Motion Magic
Doki Doki! Mini Mini! Kakushi Dungeon Gekijou,5.79,9263,8178,14,"Jan 9, 2021","Mar 27, 2021","None found, add some","None found, add some"
Douluo Dalu: Haishen Zhi Guang,8.25,265,8434,13,"Feb 20, 2021","May 15, 2021","None found, add some",Sparkly Key Animation Studio
Youjo Shachou,6.62,5450,8718,13,"Jan 1, 2021",?,"Magic Capsule, FABTONE",Project No.9
Isekai Maou to Shoukan Shoujo no Dorei Majutsu Ω Mini Anime,5.75,9432,8806,18,"Mar 14, 2021","Jun 16, 2021",Half H.P Studio,"AQUA ARIS, Magma Studio"
Doupo Cangqiong 4th Season,7.96,595,9098,24,"Mar 28, 2021",?,Tencent Penguin Pictures,Motion Magic
Home!,6.88,4210,9308,1,"Mar 26, 2021",?,"None found, add some",Orange
Shin Tennis no Ouji-sama: Hyoutei vs. Rikkai - Game of Future,6.99,3765,9485,2,"Feb 13, 2021","Apr 17, 2021",Nihon Ad Systems,"M.S.C, Studio Kai"
Inou no AICis: ESP & High School Detective,N/A,15567,10408,15,"Feb 13, 2021","Jun 12, 2021","None found, add some","None found, add some"
Chocomatsu-san: White Day-hen,N/A,14592,10591,3,"Mar 13, 2021","Mar 15, 2021","None found, add some",Studio Pierrot
2.43 Mini Anime: Inside Story,5.44,10354,10652,10,"Jan 9, 2021","Mar 13, 2021","None found, add some","None found, add some"
Chocomatsu-san: Valentine's Day-hen,N/A,14591,10718,3,"Feb 13, 2021","Feb 15, 2021","None found, add some",Studio Pierrot
S-ke ni Totsuida M-jou no Nichijou,5.50,?,10911,Unknown,"Mar 12, 2021",?,"None found, add some",BOMB! CUTE! BOMB!
2.43 Mini Anime: Fukui-ben Kouza,5.44,10353,10920,8,"Jan 7, 2021","Feb 26, 2021","None found, add some","None found, add some"
Ai Zai Xiyuan Qian 2nd Season,N/A,14152,10972,16,"Feb 14, 2021","May 9, 2021","None found, add some",Taikong Works
Xing Wushen Jue,6.94,3973,11231,40,"Jan 28, 2021","May 30, 2021",iQIYI,Ruo Hong Culture
Huyao Xiao Hongniang: Liang Shenghua,N/A,15497,11283,12,"Mar 26, 2021","Jun 4, 2021","None found, add some",Haoliners Animation League
Mashiro no Oto Mini,N/A,16427,11562,33,"Jan 15, 2021","Jun 21, 2021",IMAGICA Lab.,AQUA ARIS
Fanren Xiu Xian Chuan: Yan Jia Bao Dazhan,7.27,2533,11571,4,"Jan 31, 2021","Feb 14, 2021",bilibili,"Original Force, Wan Wei Mao Donghua"
Kuiba Zhi Shu Tu,N/A,16156,11618,7,"Jan 17, 2021","Feb 21, 2021",Tencent Penguin Pictures,Vasoon Animation
Wei Wo Du Shen,6.38,6702,11995,50,"Feb 4, 2021","Jul 19, 2021",Tencent Penguin Pictures,"None found, add some"
Meijyou,5.79,?,12032,Unknown,"Feb 26, 2021",?,"None found, add some",Poly Animation
Ichiban Chikakute Tooi Hoshi,6.02,8449,12311,1,"Feb 18, 2021",?,"None found, add some",Flat Studio
Chang Jian Feng Yun,N/A,14505,12388,10,"Jan 22, 2021","Mar 19, 2021",bilibili,Xuni Yinxiang Gongzuo Shi
Urvan,5.97,8645,12425,1,"Feb 12, 2021",?,"None found, add some",Toei Animation
Wan Jie Qi Yuan,6.62,5448,12704,40,"Feb 17, 2021","Apr 16, 2021",iQIYI,Ruo Hong Culture
Liu Xing Huan Jian,N/A,16292,12803,60,"Jan 28, 2021","Aug 12, 2021",Tencent Penguin Pictures,Soyep
Wo Shi Da Shenxian 2nd Season,6.76,4755,12835,16,"Feb 25, 2021","Jun 10, 2021",Tencent Animation & Comics,CG Year
Sayonara Watashi no Cramer Mini Anime,N/A,12672,12885,24,"Mar 16, 2021","Jun 22, 2021","None found, add some","None found, add some"
Wan Jie Shen Zhu 3rd Season,N/A,13644,13045,48,"Mar 17, 2021",?,"None found, add some","None found, add some"
Ichiban Kuji Natsume Yuujinchou: Nyanko-sensei to Hana Shirabe,6.49,6117,13276,1,"Mar 12, 2021",?,Bandai Spirits,"None found, add some"
With All Our Hearts,6.52,5954,13440,1,"Jan 6, 2021",?,"None found, add some","None found, add some"
Blue Archive,N/A,14391,13508,1,"Jan 25, 2021",?,"None found, add some",Yostar Pictures
Jue Ding,N/A,15688,13571,26,"Feb 6, 2021","Jul 24, 2021",Tencent Penguin Pictures,Seven Stone Entertainment
Zhen Dao Ge,N/A,14032,13761,12,"Feb 5, 2021","Apr 16, 2021","None found, add some","None found, add some"
Shouxi Yu Ling Shi 2,N/A,12906,13864,60,"Mar 3, 2021","Sep 15, 2021","None found, add some",Soyep
Fei Ren Zai 4th Season,N/A,14903,13966,12,"Feb 3, 2021","Apr 14, 2021","None found, add some","Tencent Penguin Pictures, Fenz"
Hachimitsu Suicide Machine,N/A,15166,14314,1,"Mar 26, 2021",?,"None found, add some",Usagi Ou
Shichigahama de Mitsuketa,N/A,12770,14414,1,"Mar 10, 2021",?,"None found, add some",Jichitai Anime
Ichi Nichi Shite Narazu,N/A,15518,14536,1,"Feb 8, 2021",?,Studio Mausu,GEEK TOYS
"Tokimeki ha, Sugu Soba ni.",N/A,13398,15459,Unknown,"Jan 24, 2021",?,"None found, add some",The Answer Studio
Oshiete Hokusai! The Animation,N/A,12236,15619,10,"Mar 7, 2021","Mar 14, 2021",Sound Team Don Juan,CoMix Wave Films
Id:Indeed,N/A,15529,15803,12,"Jan 8, 2021","Mar 26, 2021","None found, add some",NAZ
Deliver Police: Nishitokyo-shi Deliver Keisatsutai,N/A,14738,16145,1,"Mar 26, 2021",?,"None found, add some",IMAGICA Lab.
Amemiya-san,N/A,14189,16264,Unknown,"Mar 9, 2021",?,"None found, add some","None found, add some"
Ryuusatsu no Kyoukotsu,N/A,12597,17037,1,"Mar 26, 2021",?,"None found, add some",Tsumugi Akita Animation Lab
Powerful Pro Yakyuu: Powerful Koukou-hen,N/A,12447,17072,4,"Mar 20, 2021","Apr 4, 2021",Konami Digital Entertainment,CloverWorks
23-ji no Saga Meshi Anime,N/A,14111,17466,10,"Feb 15, 2021","Feb 24, 2021","None found, add some",Studio Kai
Yuusei Koukou Tenmon-bu,N/A,13992,17591,20,"Mar 11, 2021",?,"None found, add some",AQUA ARIS
Ikinuke! Bakusou! Kusohamu-chan!,N/A,15545,17820,Unknown,"Mar 17, 2021",?,Shogakukan,"None found, add some"
Dushi Miao Qitan,N/A,14834,17860,20,"Jan 30, 2021","Jun 5, 2021","None found, add some","None found, add some"
Bessatsu Kamen Rider Saber: Tanpen Katsudou Manga Shuu,N/A,14366,17940,Unknown,"Feb 1, 2021",?,"None found, add some","None found, add some"
Ikinuke! Bakusou! Kusohamu-chan! Episode 0,N/A,15546,17942,1,"Mar 17, 2021",?,Shogakukan,"None found, add some"
Shouji Li de Huanxiong Xiao Zhen,N/A,12885,17949,26,"Jan 21, 2021","Jul 8, 2021",bilibili,TthunDer Animation
Alice in Deadly School,5.28,10727,4213,1,"Jan 4, 2021","Mar 3, 2021","None found, add some",Hoods Entertainment
6 Lovers,5.56,?,4436,6,"Feb 27, 2021",?,Shinshokan,Soft Garage
Saezuru Tori wa Habatakanai: Don't Stay Gold,7.32,2286,5228,1,"Mar 1, 2021",?,"None found, add some",GRIZZLY
Ijirare: Fukushuu Saimin,7.36,?,5425,4,"Feb 5, 2021","Mar 5, 2021","None found, add some",T-Rex
Planetarian: Snow Globe,7.21,2778,5580,1,"Jan 20, 2021",?,Visual Arts,Okuruto Noboru
Kimi ga Suki. The Animation,6.74,?,6346,2,"Jan 29, 2021","Mar 26, 2021",Pink Pineapple,Seven
Ajisai no Chiru Koro ni OVA,6.29,?,7272,1,"Jan 29, 2021",?,"None found, add some",T-Rex
Himawari wa Yoru ni Saku,6.51,?,7442,1,"Jan 5, 2021",?,"None found, add some",T-Rex
Bean Bandit,N/A,14350,7793,1,"Jan 19, 2021",?,"None found, add some","None found, add some"
Real Eroge Situation! 2 The Animation,6.89,?,7969,Unknown,"Feb 26, 2021",?,Pink Pineapple,Studio 1st
Haitoku no Kyoukai,6.38,?,8353,Unknown,"Jan 29, 2021",?,"None found, add some",Nur
Rikujoubu Joshi wa Ore no Nama Onaho!!! The Animation,6.20,?,8436,2,"Feb 26, 2021","Apr 30, 2021","None found, add some","None found, add some"
Toilet no Hanako-san vs Kukkyou Taimashi,6.27,?,8723,Unknown,"Feb 26, 2021",?,Suzuki Mirano,"None found, add some"
"Tooi Kimi ni, Boku wa Todokanai",5.47,?,9316,2,"Mar 26, 2021","May 28, 2021",Mediabank,Queen Bee
Initial D Battle Stage 3,6.85,4345,9844,1,"Mar 5, 2021",?,"None found, add some","None found, add some"
Himote House: Dai Panic! Minna de Gokiburi Taiji,N/A,15377,10573,1,Jan 2021,?,"None found, add some",Bouncy
Evangelion: 3.0+1.0 Thrice Upon a Time,8.80,30,842,1,"Mar 8, 2021",?,KlockWorx,Khara
Gintama: The Final,9.10,2,2261,1,"Jan 8, 2021",?,"TV Tokyo, Warner Bros. Japan",Bandai Namco Pictures
Natsume Yuujinchou: Ishi Okoshi to Ayashiki Raihousha,8.06,474,3810,1,"Jan 16, 2021",?,"None found, add some",Shuka
Seitokai Yakuindomo Movie 2,7.77,893,3895,1,"Jan 1, 2021",?,"Glovision, King Records",GoHands
Bishoujo Senshi Sailor Moon Eternal Movie 1,7.46,1725,4183,1,"Jan 8, 2021",?,"None found, add some","Toei Animation, Studio Deen"
Bishoujo Senshi Sailor Moon Eternal Movie 2,7.69,1075,4648,1,"Feb 11, 2021",?,"None found, add some","Toei Animation, Studio Deen"
Girls & Panzer: Saishuushou Part 3,7.04,3566,4978,1,"Mar 26, 2021",?,"None found, add some",Actas
Aria the Crepuscolo,N/A,14250,6249,1,"Mar 5, 2021",?,Shochiku,J.C.Staff
Detective Conan: The Scarlet Alibi,7.15,3082,7309,1,"Feb 11, 2021",?,"None found, add some",TMS Entertainment
Tokyo 7th Sisters: Bokura wa Aozora ni Naru,N/A,13405,9129,1,"Feb 26, 2021",?,Toei Animation,LandQ studios
Santa Company: Manatsu no Merry Christmas,5.48,10255,9428,1,"Jan 28, 2021",?,"None found, add some",ORENDA
Xin Shen Bang: Nezha Chonsheng,7.40,1973,9549,1,"Feb 12, 2021",?,bilibili,Light Chaser Animation Studios
Healin' Good♡Precure Movie: Yume no Machi de Kyun! Tto GoGo! Dai Henshin!!,6.99,3786,10136,1,"Mar 20, 2021",?,"None found, add some",Toei Animation
Tropical-Rouge! Precure Petit Tobikome! Collaboration ♡ Dance Party!,6.42,6507,12082,1,"Mar 20, 2021",?,"None found, add some",Toei Animation
Xuyuan Shenlong,7.25,2616,14065,1,"Jan 15, 2021",?,"None found, add some","None found, add some"
Shimajirou to Sora Tobu Fune,N/A,12792,16666,1,"Mar 12, 2021",?,"None found, add some","None found, add some"
Lie Yang Tiandao II,N/A,16270,16789,1,"Feb 12, 2021",?,Tencent Penguin Pictures,Transcendence Picture
Bai She Chuan Zhi Bai Suzhen,N/A,14313,17606,1,"Feb 12, 2021",?,"None found, add some","None found, add some"
Xiong Chumo: Kuang Ye Dalu,N/A,13823,18078,1,"Feb 12, 2021",?,"None found, add some","None found, add some"
Haidi Xiao Zongdui: Huoyan Zhi Huan,N/A,15176,18098,1,"Jan 8, 2021",?,"None found, add some","None found, add some"
Mofa Shu Leyuan,N/A,16584,18151,1,"Jan 23, 2021",?,"None found, add some","None found, add some"
Yakusoku no Neverland 2nd Season: Michishirube,4.62,11536,2877,1,"Feb 12, 2021",?,"None found, add some",CloverWorks
Gintama: The Semi-Final,8.51,102,2920,2,"Jan 15, 2021","Jan 20, 2021","None found, add some",Bandai Namco Pictures
Tensei shitara Slime Datta Ken: Kanwa - Hinata Sakaguchi,6.62,5443,3035,1,"Jan 5, 2021",?,"None found, add some",8bit
SK∞: Crazy Rock Jam,6.67,5160,3528,1,"Mar 14, 2021",?,"Aniplex, Movic, ABC Animation",Bones
Dogeza de Tanondemita: Isekai-hen,5.65,9739,2514,12,"Oct 14, 2020","Dec 30, 2020","DAX Production, DMM pictures, DMM Music","None found, add some"
Nu Wushen de Canzhuo Spring Festival Special,7.03,3600,10496,1,"Feb 11, 2021",?,"None found, add some","None found, add some"
e-ma Nodo Ame CMs,N/A,14837,16007,3,"Feb 12, 2021",?,"None found, add some","None found, add some"
Twisted Wonderland 1st Anniversary PV,N/A,13520,16416,1,"Mar 17, 2021",?,Aniplex,"None found, add some"
Sazae-san: Valentine-hen,N/A,12677,18333,1,"Feb 14, 2021",?,"None found, add some","None found, add some"
